lon,lat,baseline_agb,agb_2020,agb_growth_10yr,sar_hv,sar_hh,slope,elevation,precipitation,soil_ph,soc,gedi_rh98,pdsi,tmmx,landcover
30.74251986622943,-2.623895729819168,3,20,17,1690,3903,6.536590576171875,1653,1085.16364137368,55,412,2.5,-326.1515151515151,26.454545454545457,30
30.78833394571953,-2.5987429018638153,4,13,9,1501,3561,8.685319900512695,1521,1101.353419751577,60,318,0.0,-337.5378787878788,25.840151515151515,30
28.978228648218675,-1.074301864712993,59,20,-39,3057,6463,5.623605728149414,1492,1558.943106688559,53,761,2.8399999141693115,-346.8030303030303,25.305303030303033,30
30.767672694184768,-1.5647820098422471,40,19,-21,2360,5403,0.6559287905693054,1287,1273.5654551553625,55,344,2.3499999046325684,-191.6818181818182,27.599242424242426,90
30.468533704572963,-2.7739143822671224,47,39,-8,1931,4374,4.8306355476379395,1439,1126.117989570467,56,346,0.0,-384.4015151515151,26.260606060606065,10
29.601659455397623,-2.4702838162347263,5,6,1,2696,7470,9.043228149414062,1815,1254.6625652234916,53,408,0.0,-312.79545454545456,25.005303030303033,40
30.47661854213004,-2.1298223235534266,28,23,-5,2307,4664,9.478545188903809,1401,1073.597161403669,57,385,3.5899999141693115,-292.1363636363636,27.03636363636364,20
30.062495196150962,-1.0599288201670731,17,54,37,2484,4365,24.986289978027344,1824,1038.58648859682,55,473,15.579999923706055,-303.780303030303,24.338636363636365,30
30.701197363159935,-1.0823867022700568,5,54,49,1620,3463,15.002425193786621,1340,1062.1396592247518,54,505,4.769999980926514,-161.29545454545453,27.76439393939394,10
30.212513848598917,-2.388537125379841,1,12,11,1386,3713,4.269743919372559,1419,911.7114769086501,59,294,0.0,-314.32575757575756,27.40378787878788,40
30.461347182300017,-2.0705335148015394,11,33,22,2040,4820,5.233789443969727,1504,1048.070110213261,54,349,8.829999923706055,-276.0681818181818,27.1780303030303,20
29.996918180410233,-1.4156616726784108,17,30,13,2195,7195,26.393348693847656,1968,1121.2449134995484,53,489,17.610001,-292.6287878787879,23.539393939393943,10
30.56555175525787,-1.9025485566711922,17,11,-6,2427,6325,9.378925323486328,1573,997.1853915747622,57,401,2.009999990463257,-267.31060606060606,26.73939393939394,20
29.867560779497012,-2.184619555884723,3,7,4,1928,3810,7.058218002319336,1507,1045.3488277371846,56,382,0.0,-324.5984848484849,27.052272727272726,40
30.0418339446162,-2.616709207546208,53,15,-38,2931,5740,6.284573554992676,1419,1162.4908652586694,54,395,3.0999999046325684,-394.74242424242425,27.34621212121212,10
30.71377377713759,-1.4120684115419238,32,33,1,2827,6285,1.3116402626037598,1286,1302.747956293635,55,378,0.0,-186.81060606060606,27.80454545454546,90
30.677841165772833,-1.6698848980842342,10,9,-1,1596,3311,13.91357707977295,1390,1087.7311642539942,58,360,0.0,-197.71969696969697,27.48106060606061,30
30.718265353558195,-1.8899721426935088,22,18,-4,2069,4640,5.172988414764404,1382,1103.0294575556306,56,339,6.510000228881836,-206.6818181818182,27.588636363636365,20
30.209818902746548,-2.0328042728685176,75,10,-65,2402,5976,8.686718940734863,1437,1027.4814021361913,55,315,0.0,-285.00757575757575,27.317424242424245,40
29.499251513008005,-2.2582814091825156,12,23,11,3066,6611,18.09687042236328,1721,1255.5330125957473,55,380,4.570000171661377,-295.3787878787879,25.132575757575758,30
30.202632380473602,-2.1756364030435265,7,3,-4,1809,3752,3.2450857162475586,1414,905.6578192118327,56,280,0.0,-284.15909090909093,27.695454545454545,30
30.858402537880835,-2.8260166687460497,16,24,8,2223,4684,2.0750458240509033,1398,1098.4609317783008,55,259,8.15999984741211,-328.68939393939394,26.954545454545457,40
30.744316496797666,-1.6061045129117417,8,21,13,1725,5791,0.6559354066848755,1287,1214.7968596625565,53,324,3.2300000190734863,-188.6439393939394,27.706818181818182,20
29.65825331829717,-1.9555491584342377,31,37,6,2482,4926,14.8551664352417,1526,1187.1992214638422,56,504,0.0,-280.84090909090907,26.142424242424244,10
30.27090434206667,-2.34541799174211,14,11,-3,1413,3484,5.721646785736084,1344,945.7000589609612,56,227,0.0,-258.4015151515151,27.802272727272726,40
29.056382077937087,-1.3518812875059183,35,13,-22,2772,6281,4.140872001647949,1883,1572.0011214036494,56,696,0.0,-297.8787878787879,23.106818181818184,30
29.640287012614777,-2.1109577025869157,19,6,-13,2698,6274,16.82517433166504,1606,1151.0109269964423,52,418,0.0,-285.3712121212121,25.972727272727276,10
30.74880807321827,-1.9537525278660013,63,34,-29,3086,5636,1.3917720317840576,1356,966.3983928653131,57,345,5.599999904632568,-219.87121212121212,27.74318181818182,10
30.311328529852062,-2.6777946468663316,20,23,3,2102,3995,10.403024673461914,1583,1089.6706228864432,53,347,11.229999542236328,-400.6060606060606,25.949242424242428,10
30.07058003370804,-2.4873518066330007,4,2,-2,1502,3072,5.569568157196045,1454,1040.8969451582286,58,299,3.440000057220459,-388.8636363636364,27.562878787878788,40
30.70838388543288,-2.732591879197628,4,22,18,1677,3686,9.76846981048584,1470,1087.6087577284218,56,325,0.0,-330.1136363636364,26.33636363636364,40
30.656281598953967,-2.061550361960343,10,15,5,979,2765,6.010451793670654,1716,963.795924326568,57,414,0.0,-290.5378787878788,26.556818181818183,40
29.327673293741185,-1.6662916369477472,63,5,-58,2947,7982,3.7063546180725098,1846,1157.2830245874145,58,572,0.0,-362.50757575757575,24.525000000000002,40
30.470330335141227,-2.3166719026502847,95,44,-51,3766,7606,1.0375317335128784,1325,1063.7212203672007,53,365,3.809999942779541,-295.07575757575756,27.16969696969697,10
30.841334547482575,-2.5610136599307936,11,106,95,1844,3841,6.9291582107543945,1498,1061.6523564332836,55,332,4.25,-303.0151515151515,26.375757575757575,30
29.0851281670289,-2.508013058167748,156,101,-55,4538,8034,19.67957305908203,1783,1460.1668380468407,53,561,0.0,-282.29545454545456,23.76818181818182,10
30.378702176161028,-2.702947474821684,6,15,9,1739,3848,1.6721563339233398,1593,1118.7998879297136,54,381,0.0,-376.54545454545456,26.687878787878788,10
30.04452889046857,-1.1219125747713292,36,17,-19,2347,6084,4.558452129364014,1729,1110.8925419294021,55,414,0.0,-303.1818181818182,24.268939393939394,40
29.63759206676241,-1.8953620343982323,53,12,-41,2674,7104,11.918120384216309,1748,1229.8878025390334,53,489,24.450001,-287.1363636363636,25.56439393939394,20
30.70209567844404,-2.741575032038824,7,21,14,1639,3038,1.672173023223877,1536,1087.6087577284218,56,328,6.46999979019165,-335.1136363636364,26.53030303030303,30
29.980748505296077,-1.4731538508620616,9,40,31,1823,5007,7.044748306274414,1949,1220.6339555317536,54,498,9.460000038146973,-276.70454545454544,22.903030303030306,40
30.606874258327395,-1.0644203965876784,38,15,-23,2838,4657,2.3633217811584473,1251,1027.0629763673608,58,269,4.190000057220459,-138.20454545454547,28.195454545454545,10
30.596094474917948,-1.2324053547180256,9,5,-4,2282,5689,4.718639373779297,1655,1036.5514125670234,55,447,0.0,-170.95454545454547,26.84469696969697,30
30.65987486009044,-2.0408891104255957,9,8,-1,1696,3740,6.2826642990112305,1682,963.7939162298535,58,364,0.0,-276.32575757575756,26.687121212121212,30
29.013262944299356,-1.5306460290456982,149,163,14,2742,6093,21.340805053710938,2055,1432.4902115423572,57,592,0.0,-322.3181818181818,21.955303030303032,10
30.051715412741515,-1.105742899657173,34,27,-7,1914,4447,23.515064239501953,1871,1073.531261682849,54,429,11.34000015258789,-303.1818181818182,24.268939393939394,10
30.117292428482244,-2.6921676914122514,11,2,-9,2304,5216,6.202950954437256,1590,1160.553744200617,54,407,0.0,-410.81060606060606,26.320454545454545,40
29.736406748015554,-2.6706081245933717,7,4,-3,2789,5968,7.887947082519531,1739,1264.6177424480074,55,356,4.809999942779541,-363.1060606060606,25.89166666666667,40
30.369719023319817,-2.0283126964479266,16,23,7,1743,4281,6.9375386238098145,1479,995.9786150976179,55,353,0.0,-280.1666666666667,27.081060606060607,20
30.48560169497125,-2.3193668485026393,36,22,-14,2218,5666,6.416934490203857,1479,1063.7212203672007,55,332,4.829999923706055,-295.07575757575756,27.16969696969697,10
29.700474136650797,-2.030109327016163,19,9,-10,2186,4204,11.47480583190918,1667,1185.9426010169793,51,447,0.0,-265.530303030303,25.479545454545455,40
29.84689952796228,-1.2252188324450657,2,5,3,1815,4221,7.293933868408203,2055,1236.6770071586254,52,509,0.0,-312.3939393939394,23.159848484848485,40
29.906188336714166,-1.1632350778408238,3,44,41,1717,8687,26.869630813598633,2225,1152.1565231981856,53,531,0.0,-303.74242424242425,22.59469696969697,10
29.751678107845606,-2.5610136599307936,10,3,-7,2157,5413,7.961609363555908,1725,1187.2232668190177,53,359,0.0,-355.8484848484849,25.795454545454547,40
30.315820106272668,-2.6310822520921135,33,27,-6,2110,8613,15.919583320617676,1616,1067.939367557551,53,398,6.210000038146973,-388.84090909090907,26.28636363636364,30
29.97895187472784,-2.068736884233303,14,2,-12,2201,5203,15.601334571838379,1491,1020.7319754243293,54,406,7.800000190734863,-306.969696969697,27.58484848484849,40
30.1334621035964,-2.5987429018638153,26,8,-18,2610,4638,15.059216499328613,1466,1130.4300232477146,52,392,0.0,-385.8787878787879,26.671212121212122,10
30.726350191115273,-2.3166719026502847,5,8,3,1961,4648,6.436615943908691,1400,1017.969217628158,58,293,0.0,-288.8939393939394,26.937878787878788,40
30.88894525754091,-2.0444823715620686,6,7,1,1605,5095,17.096202850341797,1346,1116.719348909356,54,247,0.0,-236.6590909090909,27.418939393939397,30
28.86234597656727,-1.3554745486424054,65,71,6,4353,12790,33.45939254760742,1773,1587.4346576684832,52,632,0.0,-341.00757575757575,24.083333333333336,10
29.639388697330645,-1.7471400125185141,96,14,-82,3065,5563,30.755922317504883,2006,1273.8446366800185,52,554,21.079999923706055,-287.6439393939394,26.185606060606062,20
28.97733033293457,-2.585268172602028,57,55,-2,3102,5726,24.13958740234375,1482,1467.858362417668,55,394,0.0,-385.52272727272725,25.650000000000002,20
30.338277988375637,-1.4102717809736873,2,7,5,1175,2992,1.9113962650299072,1466,950.5280154106969,58,292,0.0,-216.20454545454547,27.675757575757576,40
30.2673110809302,-2.3418247306056372,16,14,-2,1763,3753,5.792017459869385,1346,945.7000589609612,59,308,3.0999999046325684,-258.4015151515151,27.802272727272726,40
30.11819074376635,-1.0689119730082695,14,20,6,1651,3261,21.422115325927734,1600,922.4457158492031,58,406,4.340000152587891,-277.6439393939394,26.321969696969703,10
30.88804694225678,-1.766004633485025,10,35,25,1399,5023,7.509400367736816,1384,1106.571827040635,54,319,14.149999618530273,-217.28030303030303,26.90681818181818,20
30.463143812868253,-2.4199781603240353,1,5,4,1271,5292,21.752593994140625,1419,1054.0615633865416,54,357,16.110001,-337.3712121212121,26.94318181818182,30
29.82354333057515,-1.6743764745048253,11,31,20,2408,5525,15.41183853149414,1728,1178.3791481947358,53,508,15.390000343322754,-247.0,25.60606060606061,40
29.659151633581274,-1.202760950342082,30,12,-18,2296,7749,5.918497085571289,1892,1410.4492939741097,52,630,0.0,-293.0530303030303,24.200757575757578,30
30.518839360483668,-1.836073225646345,14,11,-3,1979,4153,14.610089302062988,1534,975.5344989867287,54,331,0.0,-263.7121212121212,26.827272727272728,20
30.508957892358353,-2.3005022275361284,95,29,-66,3529,6939,1.3119701147079468,1325,1074.1229479132771,54,440,2.569999933242798,-292.6818181818182,27.122727272727275,90
29.362707589821838,-1.4102717809736873,72,53,-19,3580,7377,13.262709617614746,1724,1666.4937190816484,56,646,6.25,-319.1060606060606,25.037121212121214,10
29.024941042992907,-1.4875268954079672,100,27,-73,2781,5111,33.754058837890625,1894,1489.4369277320802,56,707,0.0,-310.6666666666667,21.305303030303033,40
30.006799648535548,-2.6194041533985626,78,47,-31,2863,6274,12.276023864746094,1507,1162.4908652586694,53,456,0.0,-388.4621212121212,27.19318181818182,10
29.055483762652955,-1.5189679303521473,188,27,-161,3548,6456,23.077810287475586,1792,1333.7638566243377,57,650,0.0,-350.70454545454544,24.25909090909091,10
30.500873054801275,-1.2279137782974203,3,19,16,1636,7125,30.956684112548828,1467,1033.734047949908,56,311,16.0,-159.71969696969697,27.35909090909091,10
30.676044535204596,-2.0893981357680502,14,12,-2,1481,3743,3.1082603931427,1351,963.795924326568,61,283,4.004999876022339,-273.030303030303,27.36818181818182,40
30.87187726714265,-2.0777200370744993,2,9,7,2064,4715,1.0373989343643188,1287,1080.9727657594606,56,238,2.609999895095825,-238.24242424242425,27.375,30
30.32480325911385,-2.799965525506593,53,64,11,1927,4531,13.068399429321289,1555,1151.6768505415805,56,316,9.170000076293945,-421.3560606060606,26.15378787878788,10
30.74251986622943,-1.9474643208771596,74,59,-15,3507,6158,1.9673004150390625,1308,1094.7971186021934,55,711,0.0,-219.87121212121212,27.74318181818182,10
30.792825522140134,-2.6697098093092535,4,60,56,1271,3243,6.282907962799072,1445,1105.1630192567839,56,288,0.0,-321.8712121212121,26.303787878787883,40
30.409244895821075,-1.7165972928584523,22,15,-7,1665,3685,3.277040719985962,1393,957.8333645944738,55,336,3.390000104904175,-249.63636363636363,27.16136363636364,40
29.11117931026837,-1.4345262936449217,142,49,-93,3908,7784,2.9305176734924316,2009,1594.5231352685528,56,682,0.0,-291.4848484848485,22.559090909090912,90
30.355345978773926,-2.453215825836452,15,39,24,2038,4058,8.65313720703125,1404,1034.6145357532698,54,354,0.0,-321.82575757575756,27.31666666666667,10
30.20173406518947,-2.1145509637233886,22,10,-12,1931,5062,2.497230291366577,1458,957.3808974235567,57,319,0.0,-282.3863636363636,27.59621212121212,40
30.629332140430364,-2.2259420589542174,17,1,-16,1649,3894,16.42635726928711,1543,1037.649924396796,55,371,0.0,-304.93939393939394,26.800757575757576,30
29.567523474601103,-1.4138650421101744,2,11,9,1991,6554,10.189109802246094,2531,1667.852039419792,61,732,0.0,-268.9469696969697,19.452272727272728,10
30.217005425019522,-1.3671526473359563,61,7,-54,2248,5032,2.36395263671875,1396,1025.7450184664035,61,382,3.140000104904175,-223.88636363636363,27.717424242424244,40
30.377803860876895,-2.5035214817471427,28,27,-1,1931,3465,11.895008087158203,1533,1013.4520331659979,54,447,61.669998,-356.56060606060606,26.96969696969697,20
30.506262946505984,-2.1648566196340937,39,16,-23,2299,5052,7.879396438598633,1597,1094.0315588377832,54,371,0.0,-315.06060606060606,26.55606060606061,40
29.27736763783048,-2.660726656468057,132,111,-21,4216,6536,8.739092826843262,2097,1588.2080720058134,53,895,0.0,-252.71969696969697,22.112121212121213,10
29.527997602099845,-2.410096692198721,14,6,-8,2349,4490,14.038718223571777,1880,1350.2413214252922,53,499,0.0,-302.0378787878788,23.151515151515152,30
28.963855603672783,-2.462198978677648,42,55,13,2539,4358,15.456899642944336,1831,1441.103979379616,56,462,0.0,-313.0984848484849,23.421212121212122,10
29.991528288705496,-1.9312946457630176,18,65,47,2464,5045,0.4639988839626312,1360,1077.197067866435,58,432,2.5799999237060547,-289.1969696969697,27.049242424242426,10
29.90978159785064,-2.1055678108821922,1,3,2,1167,2667,10.067000389099121,1558,1013.8216993413109,55,389,0.0,-313.24242424242425,27.23257575757576,30
30.844927808619047,-2.830508245166655,3,13,10,1466,3311,15.67813491821289,1451,1096.3430274555162,55,293,3.4800000190734863,-328.68939393939394,26.954545454545457,30
30.661671490658676,-1.7201905539949252,1,2,1,1181,2633,9.859524726867676,1420,1056.3895511521894,55,293,0.0,-203.0151515151515,27.249242424242425,30
30.45685560587941,-2.0480756326985556,17,18,1,1576,4168,14.157093048095703,1397,1037.8091933800831,54,290,8.520000457763672,-267.52272727272725,27.3,40
30.658078229522204,-1.917819916501216,8,14,6,1195,2895,6.282624244689941,1491,980.9855295571228,57,322,0.0,-251.77272727272728,26.909090909090907,20
29.589981356704072,-1.463272382736747,23,45,22,2137,6140,1.0369209051132202,2130,1453.7316813022744,59,635,0.0,-291.29545454545456,23.35378787878788,40
29.923256327112426,-2.240315103500123,2,6,4,1717,4437,4.9826202392578125,1392,1024.839361976814,55,321,2.7200000286102295,-334.68939393939394,27.54848484848485,40
29.369894112094812,-1.9591424195707106,105,67,-38,3607,7033,6.92631196975708,1786,1149.9368435496633,56,476,0.0,-337.8181818181818,25.475,10
29.58908304141997,-1.8576327924652105,20,12,-8,2428,4718,10.096575736999512,1978,1242.3916153664045,54,540,3.819999933242798,-287.969696969697,24.35151515151515,50
30.00500301796731,-1.1461670874425494,2,6,4,1914,3731,21.365861892700195,2137,1110.8925419294021,54,486,0.0,-297.43939393939394,23.353030303030305,30
30.29605717002204,-1.618680926889425,1,11,10,1235,3812,4.269229412078857,1429,1065.9774248035285,56,359,2.619999885559082,-247.5,27.37348484848485,40
30.202632380473602,-2.0004649226402194,13,72,59,1700,4032,7.84982442855835,1496,1027.4814021361913,58,297,0.0,-278.15909090909093,27.647727272727277,30
30.731740082819982,-2.200789230998865,9,18,9,2094,4710,4.270603179931641,1568,945.2190163475155,57,300,5.079999923706055,-284.40909090909093,26.540151515151514,40
29.187536109418545,-2.7227104110723133,15,10,-5,2861,5930,6.432999610900879,1331,1448.762944096276,51,356,6.010000228881836,-330.09090909090907,26.204545454545457,30
29.319588456184107,-2.8323048757348914,61,57,-4,3005,5808,27.537342071533203,2024,1611.2461252005094,53,606,0.0,-199.63636363636363,24.14318181818182,10
29.816356808302203,-1.707614140017256,22,6,-16,2681,4917,24.93634033203125,1791,1194.7991793325002,53,561,6.864999771118164,-247.0,25.60606060606061,30
29.364504220390074,-2.442436042427019,117,124,7,3993,5684,13.060196876525879,2362,1491.6956290523099,50,913,0.0,-275.6818181818182,20.338636363636365,10
30.517941045199535,-2.616709207546208,17,22,5,2444,5247,9.249602317810059,1397,1046.6567165247177,54,299,3.0199999809265137,-346.9621212121212,26.540909090909096,20
30.767672694184768,-1.2647447049463238,97,63,-34,3726,6067,12.587944984436035,1332,1131.1188751623629,52,439,0.0,-176.3560606060606,27.683333333333334,10
29.38875873306131,-1.6087994587641106,11,6,-5,2457,8482,6.924034118652344,2336,1244.9753413457763,57,698,14.5600004196167,-317.5530303030303,21.025000000000002,40
29.20640073038504,-2.297807281683774,12,41,29,2348,7802,15.83489990234375,1536,1318.4560615295036,53,531,19.809999,-350.31060606060606,24.50909090909091,30
30.752401334354744,-1.2710329119351655,98,87,-11,4267,6257,14.642664909362793,1437,1131.1188751623629,53,433,0.0,-176.3560606060606,27.683333333333334,10
29.41211493044841,-2.5619119752149118,25,119,94,2752,3866,30.53032112121582,2270,1569.0516273637238,53,786,0.0,-272.90909090909093,20.850757575757576,10
30.241259937690728,-1.5207645609203837,2,1,-1,1445,3099,6.1979475021362305,1453,1048.463574295247,58,393,0.0,-257.7348484848485,27.300757575757576,40
30.7227569299788,-1.6366472325718036,15,7,-8,2262,3783,1.9120960235595703,1291,1214.7968596625565,55,251,3.759999990463257,-185.96212121212122,27.717424242424244,30
29.558540321759892,-2.6535401341951115,12,5,-7,2779,5937,13.067227363586426,1898,1320.148767121131,53,409,20.649999618530273,-313.719696969697,24.920454545454547,40
30.71107883128525,-2.3076887498090883,1,2,1,1742,4028,9.042245864868164,1655,1017.969217628158,59,407,0.0,-288.8939393939394,26.937878787878788,40
30.890741888109147,-1.7471400125185141,20,57,37,2335,4899,7.851444721221924,1307,1104.3970743641257,54,307,0.0,-210.93939393939394,27.28181818181818,20
29.37797894965186,-1.9582441042865923,40,12,-28,3720,6161,29.677560806274414,1870,1149.9368435496633,55,460,0.0,-286.5681818181818,22.481818181818184,30
29.999613126262574,-1.9088367636600196,5,3,-2,2093,4553,2.363356351852417,1744,1077.197067866435,53,405,0.0,-284.84090909090907,26.650000000000002,30
30.61945067230505,-1.2288120935815527,22,66,44,1903,3857,19.194974899291992,1572,1035.7327329345342,55,485,6.739999771118164,-170.95454545454547,26.84469696969697,10
30.24215825297486,-2.659828341183939,1,8,7,1634,4056,25.981700897216797,1534,1152.9188774670051,55,395,0.0,-382.1136363636364,26.603787878787884,30
30.39666848184342,-2.0893981357680502,33,15,-18,2234,4652,3.2756457328796387,1399,984.3803616151378,57,718,0.0,-273.59090909090907,27.475,40
30.897928410382093,-2.150483575088174,17,32,15,2499,4575,3.7335824966430664,1304,1067.8232671142423,55,265,6.639999866485596,-238.4469696969697,27.321969696969703,10
29.642981958467146,-2.523284417997772,1,7,6,2043,7497,12.304465293884277,1681,1250.604218601863,52,392,13.680000305175781,-325.97727272727275,25.735606060606063,40
30.34815945650095,-2.6391670896491917,27,32,5,1522,3119,10.693435668945312,1575,1067.939367557551,55,319,0.0,-382.45454545454544,26.403030303030302,20
29.408521669311938,-2.718218834651708,42,26,-16,2618,5999,15.50390338897705,2415,1608.698765303966,51,715,0.0,-273.97727272727275,21.158333333333335,30
29.26029964743222,-2.5250810485660082,94,76,-18,2475,4809,27.593650817871094,2322,1533.7894388172056,54,914,0.0,-252.5909090909091,20.566666666666666,10
30.52782251332485,-2.2960106511155374,20,22,2,2069,4105,18.3703670501709,1360,1078.1836983858839,55,412,2.690000057220459,-292.6818181818182,27.122727272727275,20
30.296955485306142,-1.8953620343982323,13,17,4,1942,3689,10.555182456970215,1454,1039.7380055924004,54,386,0.0,-279.34090909090907,26.831060606060607,30
30.372413969172186,-2.48555517606475,36,27,-9,1785,4181,6.727033615112305,1496,1034.6145357532698,52,318,0.0,-312.8030303030303,27.41287878787879,10
30.15591998569937,-2.477470338507686,36,9,-27,2156,4544,5.84614372253418,1401,1041.1819439639287,54,636,2.7750000953674316,-364.219696969697,27.811363636363637,40
30.500873054801275,-2.0408891104255957,6,2,-4,1497,3053,12.334909439086914,1400,1034.0572055887615,57,348,4.079999923706055,-276.72727272727275,27.046212121212122,40
30.698502417307566,-2.313078641513812,10,32,22,2019,4276,6.027674198150635,1719,1052.9132052068717,57,324,0.0,-311.6969696969697,26.265151515151516,20
29.982545135864314,-2.204382492135352,7,6,-1,1746,4682,1.0374674797058105,1350,1040.691442004068,55,389,5.28000020980835,-328.5530303030303,27.736363636363638,40
30.85750422259673,-1.9753120946848668,74,35,-39,2641,6150,1.0369764566421509,1290,1135.49515378435,55,299,2.759999990463257,-236.40151515151516,27.438636363636363,10
30.140648625869346,-2.7811009045400823,19,9,-10,2492,6829,9.482401847839355,1684,1161.9011126133528,53,357,1.340000033378601,-422.40909090909093,25.98939393939394,10
29.747186531425,-1.226117147729184,21,18,-3,2638,5157,29.597274780273438,2017,1357.912347859957,52,576,5.840000152587891,-298.77272727272725,23.964393939393943,30
30.609569204179735,-1.9753120946848668,3,8,5,2019,4346,6.61354923248291,1436,1000.3526999572518,57,281,4.940000057220459,-267.4166666666667,26.952272727272728,50
30.572738277530846,-1.5935280989340725,5,2,-3,1596,3177,2.9674642086029053,1298,1020.5569044111709,55,324,114.5,-205.8030303030303,27.577272727272728,30
30.680536111625173,-2.074126775938012,8,6,-2,1545,3854,2.7033731937408447,1327,963.795924326568,62,325,7.630000114440918,-257.2651515151515,27.709090909090907,10
29.633100490341832,-2.0947880274727595,31,18,-13,2345,6024,6.86160135269165,1506,1155.8562885638835,54,438,2.8299999237060547,-285.3712121212121,25.972727272727276,40
30.571839962246713,-1.7228854998472798,8,35,27,1767,3718,9.693547248840332,1466,992.4500067517034,56,298,0.0,-234.5530303030303,26.96666666666667,40
29.145315291064918,-2.7227104110723133,31,33,2,2627,5729,17.790096282958984,1586,1358.8276539846026,53,503,14.079999923706055,-307.2651515151515,26.043939393939397,30
30.108309275641034,-1.5360359207504217,39,31,-8,2358,3959,25.596147537231445,1917,1156.195319292051,52,486,0.0,-283.719696969697,23.94090909090909,10
29.416606506869016,-1.5045948858062417,114,141,27,3826,6457,11.998067855834961,3024,1637.3341851891441,63,1064,20.450001,-285.0378787878788,19.63787878787879,10
30.764079433048295,-1.595324729502309,15,29,14,2624,5071,0.0,1287,1273.5654551553625,55,325,3.799999952316284,-197.0530303030303,27.612121212121213,90
30.343667880080375,-1.9312946457630176,3,1,-2,1635,3793,15.626190185546875,1631,1044.8498493121444,55,326,15.319999694824219,-277.5378787878788,26.79318181818182,40
30.24215825297486,-1.7139023470060835,33,40,7,1990,4087,10.468230247497559,1631,1106.025218798525,57,411,10.329999923706055,-275.4848484848485,25.948484848484853,20
29.471403739200298,-1.1749131765343748,12,5,-7,2263,4518,10.457487106323242,1315,1347.7705663663166,54,458,13.594999552452087,-313.1287878787879,27.64621212121212,30
29.039314087538827,-1.5261544526251072,31,16,-15,2851,6833,19.088655471801758,2005,1432.4902115423572,56,745,2.5,-322.3181818181818,21.955303030303032,40
30.727248506399405,-2.7694228058465313,48,63,15,1639,3617,7.450958251953125,1438,1071.7587302048719,56,285,0.0,-344.3712121212121,26.293939393939397,20
30.423617940366995,-2.2196538519653757,87,35,-52,2308,4365,8.045975685119629,1441,1083.1732007107655,55,312,0.0,-291.4848484848485,27.201515151515153,20
29.780424196937417,-1.156048555567864,17,5,-12,2131,4209,20.674774169921875,2091,1247.8654673004057,53,657,0.0,-287.25757575757575,22.73409090909091,30
30.71377377713759,-1.8836839357046813,30,11,-19,2399,4795,24.371074676513672,1535,1103.0294575556306,54,344,5.389999866485596,-206.6818181818182,27.588636363636365,20
29.473200369768534,-1.3437964499488402,10,37,27,2169,5037,2.4958608150482178,2070,1600.899031990631,57,588,0.0,-287.1515151515151,22.0719696969697,10
29.166874857883784,-2.624794045103286,19,42,23,3021,4910,11.017229080200195,1771,1502.33337387595,52,558,9.239999771118164,-290.469696969697,24.665151515151518,30
29.484878468462085,-2.045380686846187,4,10,6,3150,5585,22.632179260253906,2270,1223.3691175498745,52,532,10.710000038146973,-284.92424242424244,22.797727272727272,40
29.756169684266183,-2.663421602320426,55,7,-48,2418,4888,1.4663304090499878,1704,1224.6063649852251,55,403,3.2899999618530273,-380.06060606060606,26.01818181818182,40
30.580823115087924,-1.144370456874313,2,21,19,1505,3612,1.390963077545166,1287,1018.0330124274319,56,242,0.0,-138.46969696969697,28.005303030303033,30
30.772164270605373,-2.3121803262296936,4,3,-1,1404,3480,1.855844259262085,1335,1010.5312246148059,59,229,2.7699999809265137,-273.1818181818182,27.28333333333333,40
29.090518058733636,-2.5610136599307936,69,82,13,3137,5168,14.42156982421875,1458,1396.633210184222,54,438,26.579999923706055,-329.52272727272725,25.19090909090909,20
30.22239531672423,-1.6779697356413124,38,16,-22,1822,6125,21.86935806274414,1710,1113.8778074421834,52,384,11.880000114440918,-280.92424242424244,25.347727272727273,10
30.70299399372817,-2.5951496407273424,13,8,-5,2024,4518,1.96774160861969,1510,1096.0789835888227,53,303,3.509999990463257,-312.1818181818182,26.877272727272725,30
30.840436232198442,-1.6833596273460216,3,2,-1,1989,4220,1.036942720413208,1290,1152.658436606056,56,324,2.7100000381469727,-214.93939393939394,27.259090909090908,90
30.1101059062093,-1.7408518055296724,77,75,-2,2108,4761,8.790266990661621,1559,1140.214394794269,56,400,5.199999809265137,-287.0530303030303,25.788636363636364,40
30.698502417307566,-1.8217001811004252,38,23,-15,2676,5710,7.930220127105713,1483,954.9578222627188,56,357,5.949999809265137,-214.43939393939394,27.188636363636363,30
29.536980754941027,-2.4981315900424335,6,7,1,2377,5288,4.919589996337891,1974,1369.2461778899146,51,467,4.380000114440918,-297.0530303030303,23.180303030303033,30
29.78671240392626,-2.7775076434035952,16,4,-12,2316,6433,8.49776554107666,1412,1273.4876858470245,53,375,37.740002,-397.20454545454544,26.650000000000002,20
29.971765352454867,-2.512504634588339,11,7,-4,1631,4369,1.0370527505874634,1354,1175.822547656738,55,406,3.640000104904175,-390.93939393939394,27.477272727272727,10
30.59699279020208,-2.3858421795274865,16,17,1,2188,4938,8.060495376586914,1425,1050.627693248166,57,278,5.96999979019165,-295.1212121212121,27.317424242424245,20
29.507336350565083,-1.4300347172243164,169,185,16,3759,6040,14.610247611999512,2726,1702.78236116162,52,966,5.769999980926514,-284.40909090909093,19.796969696969697,10
28.927922992307998,-2.7496598695959023,30,47,17,2753,4829,19.777008056640625,1284,1291.4134526459331,57,500,21.540001,-379.469696969697,26.858333333333334,30
30.703892309012275,-1.6474270159812363,14,2,-12,2217,3993,1.0369389057159424,1304,1214.7968596625565,56,263,2.319999933242798,-190.47727272727272,27.547727272727276,30
29.980748505296077,-2.399316908789288,6,13,7,1557,3159,8.684955596923828,1381,1119.6630053713504,54,356,0.0,-365.8636363636364,27.651515151515152,40
30.04093562933207,-2.7119306276628805,63,78,15,2752,6348,5.3965983390808105,1616,1222.8366224535487,53,457,6.550000190734863,-419.1818181818182,26.49848484848485,10
30.62214561815742,-2.287027498274341,11,7,-4,1945,4300,7.0446038246154785,1418,1041.0739914911392,58,374,4.75,-312.2121212121212,26.647727272727277,20
30.440685930765255,-2.6194041533985626,80,70,-10,2550,4187,8.052635192871094,1446,961.0266903053124,54,324,0.0,-368.0151515151515,26.63939393939394,10
30.481110118550646,-2.649048557774506,3,34,31,1356,3525,9.934871673583984,1404,980.21034253115,57,324,2.3499999046325684,-363.6666666666667,26.698484848484853,20
29.63759206676241,-1.3716442237565474,33,61,28,2395,5001,14.219078063964844,2822,1687.143036308783,52,932,80.81999969482422,-305.3181818181818,20.775000000000002,10
29.255808071011614,-2.256484778614279,49,26,-23,2471,4056,30.276287078857422,1909,1366.0597264873177,54,588,0.0,-275.9318181818182,23.22348484848485,20
30.137953680016977,-1.346491395801209,42,23,-19,2384,5906,4.7645463943481445,1575,1063.99870794299,57,415,12.15999984741211,-265.15909090909093,26.000757575757575,20
30.841334547482575,-1.890870457977627,83,13,-70,4578,9353,0.9279150366783142,1288,1210.8893653833288,55,296,2.690000057220459,-232.95454545454547,27.442424242424245,90
30.875470528279124,-2.5798782808973044,4,16,12,1328,2810,1.037063717842102,1549,1084.1685971716076,57,402,0.0,-305.6287878787879,26.228787878787884,20
30.297853800590275,-1.6977326718919414,25,38,13,1677,3468,12.871942520141602,1718,1061.6232570093125,55,479,0.0,-263.93939393939394,26.427272727272726,20
30.420922994514626,-2.0004649226402194,9,2,-7,2072,3876,8.795443534851074,1417,997.5387759087281,55,309,3.4800000190734863,-268.8181818181818,27.23409090909091,10
30.2906672783173,-2.0193295436067302,20,10,-10,2224,3984,10.66285514831543,1534,1018.1797505715417,55,329,0.0,-287.6212121212121,26.98106060606061,40
30.32749820496622,-2.6885744302757644,20,8,-12,1929,3662,13.042834281921387,1593,1089.6706228864432,55,313,0.0,-400.6060606060606,25.949242424242428,10
30.715570407705854,-1.3455930805170766,8,27,19,1282,2557,4.1674957275390625,1358,1106.67239055527,54,286,0.0,-169.7348484848485,27.3030303030303,30
30.557466917700793,-2.5187928415771808,4,11,7,1780,4228,13.451778411865234,1538,1082.2653424342332,56,435,0.0,-344.6439393939394,26.281060606060606,30
30.340074618943873,-2.7855924809606734,5,3,-2,1494,3588,4.395517349243164,1485,1151.6768505415805,55,348,0.0,-405.25757575757575,26.186363636363637,40
30.375108915024555,-1.9348879068994904,9,8,-1,1411,3082,12.137930870056152,1472,1007.4536101910169,55,317,3.930000066757202,-273.9848484848485,26.906060606060606,10
30.823368241800182,-2.1370088458263865,51,28,-23,2621,4144,9.074572563171387,1526,1067.8842064294133,57,349,0.0,-266.32575757575756,25.99469696969697,20
30.861097483733204,-2.143297052815214,78,66,-12,2581,5339,0.6560360789299011,1289,1087.8904941372805,59,272,0.0,-244.16666666666666,27.253787878787882,10
30.000511441546706,-1.6402404937082906,6,6,0,2140,5656,26.959331512451172,1965,1246.3147205891596,53,471,0.0,-267.34090909090907,23.675,30
28.944092667422154,-1.2252188324450657,179,141,-38,8016,14930,47.9646110534668,2143,1652.1455259441652,51,744,32.400002,-290.3863636363636,22.768939393939394,30
29.113874256120738,-1.245880083979813,127,68,-59,2976,6820,14.632200241088867,1809,1561.6678774872455,54,757,0.0,-290.15909090909093,24.15681818181818,20
30.41912636394639,-2.830508245166655,49,1,-48,3112,5472,14.923961639404297,1365,1132.5926389681435,55,309,4.829999923706055,-397.52272727272725,26.696969696969703,20
30.0876480241063,-2.807152047779539,10,11,1,2678,5102,2.7044568061828613,1656,1208.3274090591478,55,422,0.0,-436.99242424242425,25.797727272727276,30
29.856780996087593,-1.9277013846265305,14,7,-7,2856,6242,1.6718748807907104,1729,1093.804485641313,53,422,5.829999923706055,-272.9469696969697,26.189393939393938,40
29.640287012614777,-2.1792296641799993,2,8,6,1862,3778,22.956499099731445,1906,1160.3369337103584,53,495,7.449999809265137,-297.3787878787879,25.345454545454547,30
29.072551753051243,-1.1614384472725874,68,34,-34,2741,6052,15.695167541503906,1707,1571.1566040912135,52,715,0.0,-339.82575757575756,24.972727272727273,10
29.464217216927352,-2.4648939245300028,37,41,4,3118,5790,7.5643534660339355,2131,1474.496499627162,51,661,25.540000666666668,-265.3787878787879,23.083333333333336,10
30.311328529852062,-1.762411372348538,9,18,9,2295,4992,16.624004364013672,1833,975.6501668864777,52,457,6.005000114440918,-269.34090909090907,26.39318181818182,10
30.340074618943873,-1.261151443809851,4,5,1,1748,3850,5.567245006561279,1374,929.3492211854548,58,235,0.0,-190.1818181818182,27.928787878787883,40
28.870430814124347,-1.35816949449476,27,126,99,2913,4978,9.25349235534668,1746,1587.4346576684832,55,686,0.0,-341.00757575757575,24.083333333333336,10
30.10471601450456,-2.7442699778911788,100,52,-48,3536,6409,11.235116958618164,1545,1177.3424292448908,50,406,0.0,-427.5,26.326515151515153,10
30.44787245303823,-2.7864907962447916,78,41,-37,2373,4115,8.240405082702637,1398,1112.4319787205468,58,329,0.0,-388.0833333333333,26.713636363636365,20
29.10848436441603,-2.4091983769146026,108,112,4,4216,7112,1.6720384359359741,1877,1497.4116561077535,53,697,16.25,-327.6969696969697,24.328787878787878,10
29.527099286815712,-2.5403524083960463,18,5,-13,2541,6442,17.98687744140625,1980,1371.4585570990616,53,558,0.0,-291.49242424242425,23.52878787878788,40
30.412838156957577,-1.6671899522318654,9,8,-1,1828,4641,3.1081104278564453,1377,964.2190040214919,56,358,0.0,-245.33333333333334,27.26287878787879,40
30.06159688086683,-1.4488993381908273,1,4,3,1425,4831,7.437417507171631,2171,1159.9629549910737,53,489,7.210000038146973,-277.00757575757575,23.428030303030305,40
30.66526475179515,-1.2674396507986785,30,43,13,1083,3147,1.966973066329956,1305,1027.7679203102734,54,385,1.6399999856948853,-150.77272727272728,27.840909090909093,30
30.48829664082359,-1.7085124553013742,5,2,-3,1196,3024,6.416327953338623,1375,972.6872992293105,58,280,0.0,-238.71212121212122,27.31818181818182,40
29.979850190011945,-1.7174956081425705,10,12,2,2386,5513,24.057987213134766,1957,1205.8835777657275,52,487,3.740000009536743,-250.87121212121212,24.49469696969697,30
29.654660057160697,-1.3222368831299747,6,28,22,2269,4950,1.8543341159820557,2041,1515.884603452276,58,557,3.390000104904175,-299.3484848484849,23.125757575757575,10
29.165078227315547,-2.7658295447100443,45,54,9,2683,6709,15.827898025512695,1476,1399.2505913553337,54,544,0.0,-357.8030303030303,27.782575757575756,30
29.273774376694007,-1.5189679303521473,203,216,13,3984,6695,12.968664169311523,2514,1498.8649995945054,54,1205,3.880000114440918,-289.6136363636364,19.33636363636364,10
30.829656448789024,-1.3393048735282491,4,16,12,1103,2790,6.562929153442383,1450,1138.2084107755338,54,341,3.509999990463257,-172.0681818181818,27.343939393939394,40
30.812588458390763,-2.7972705796542243,2,7,5,1491,3034,20.284069061279297,1502,1112.2944152297232,55,279,7.71999979019165,-344.1212121212121,26.53939393939394,30
29.936731056374214,-1.0545389284623639,200,27,-173,3693,5757,33.54311752319336,1996,1234.2885400873347,54,591,0.0,-293.9015151515151,23.305303030303033,10
30.543992188439006,-2.6158108922620897,53,15,-38,2042,4230,1.6727901697158813,1485,1046.6567165247177,57,304,4.110000133514404,-332.1818181818182,26.883333333333333,20
29.247723233454536,-2.5843698573179097,131,129,-2,2497,5398,25.411218643188477,2319,1582.0474543982207,49,866,31.280001,-255.40151515151516,23.434848484848487,10
29.802882079040415,-2.003159868492574,16,13,-3,2328,4801,11.07265853881836,1694,1093.597882143689,54,486,6.230000019073486,-293.4469696969697,25.81666666666667,20
30.287074017180828,-1.8414631173510543,45,35,-10,1971,3543,9.43143081665039,1495,1015.2009064763869,56,398,2.309999942779541,-272.0378787878788,26.684848484848487,40
29.539675700793396,-1.1282007817601567,20,16,-4,2322,4140,24.915077209472656,1509,1359.0832487681712,55,587,0.0,-299.43939393939394,26.810606060606062,30
29.072551753051243,-1.311457099720542,32,7,-25,2165,4699,4.141506671905518,1858,1576.2291892115027,54,830,3.0299999713897705,-295.9015151515151,23.76287878787879,30
29.338453077150604,-1.7318686526884761,107,55,-52,3448,10225,18.96946907043457,2046,1167.575860242952,56,653,5.070000171661377,-331.2348484848485,23.168939393939397,40
30.431702777924073,-2.5717934433402263,3,23,20,1503,3846,20.47673797607422,1523,897.6287033577239,57,363,12.109999656677246,-355.0681818181818,26.6219696969697,10
28.978228648218675,-2.566403551635517,95,137,42,2959,5439,32.48049545288086,1827,1467.858362417668,57,565,15.800000190734863,-303.3560606060606,23.96287878787879,10
30.006799648535548,-2.4900467524853553,68,8,-60,2710,5576,22.546051025390625,1434,1103.0455024144505,55,301,0.0,-392.24242424242425,27.4969696969697,20
29.6322021750577,-1.852242900760487,3,12,9,2621,5178,7.5077643394470215,1780,1229.8878025390334,53,423,0.0,-289.9166666666667,25.933333333333334,50
29.698677506082532,-2.379553972538659,27,3,-24,2348,4802,14.16010570526123,1641,1193.9321782136421,50,406,0.0,-334.74242424242425,26.018939393939394,40
30.192750912348288,-1.1389805651695895,9,1,-8,1669,3824,7.8348164558410645,1613,977.2639054845469,58,465,0.0,-239.28787878787878,26.39469696969697,40
30.59070458321324,-2.34541799174211,8,17,9,1706,4022,9.214005470275879,1406,1080.578486733644,60,359,0.0,-291.72727272727275,27.068939393939395,40
28.89378701151145,-2.26816287730783,67,86,19,2494,5786,4.191938400268555,1484,1365.1509268998423,57,519,2.0899999141693115,-384.4318181818182,24.896212121212123,10
29.504641404712714,-1.692342780187218,8,34,26,3256,5553,26.56694793701172,2531,1355.3427413484421,51,642,14.03499984741211,-315.75,21.025000000000002,40
30.00140975683081,-1.7561231653597105,42,7,-35,1958,3670,31.043481826782227,2069,1146.9426158913834,52,468,0.0,-261.3787878787879,24.935606060606062,10
29.75796631483442,-1.3321183512552892,8,7,-1,2144,5056,1.0369092226028442,1924,1189.7891549425701,54,424,3.9600000381469727,-300.42424242424244,23.71060606060606,40
29.970867037170763,-1.8567344771810923,4,14,10,2014,4126,3.956200361251831,1982,1100.593942698475,54,478,0.0,-270.17424242424244,25.51590909090909,40
30.005901333251416,-1.933091276331254,27,35,8,2666,4497,18.829496383666992,1429,1089.604373549876,56,440,1.440000057220459,-282.50757575757575,26.880303030303033,20
30.709282200717013,-1.5845449460928762,12,2,-10,1970,3632,7.507288932800293,1355,1355.0750157806642,60,328,7.630000114440918,-188.6439393939394,27.706818181818182,30
30.76228280248006,-1.1964727433532403,58,91,33,2639,4845,7.836164474487305,1472,1104.737190598664,54,462,4.619999885559082,-168.15151515151516,27.549242424242426,10
29.453437433517905,-2.752354815448257,60,35,-25,3204,7024,17.18336296081543,2204,1567.1011536169046,51,595,0.0,-248.3030303030303,21.795454545454547,10
30.47661854213004,-2.329248316627954,59,23,-36,2447,5112,5.79457950592041,1371,1063.7212203672007,52,336,7.110000133514404,-295.07575757575756,27.16969696969697,10
30.804503620833685,-1.9627356807071976,4,1,-3,1485,3755,0.927954375743866,1287,1123.7355022996485,54,220,2.7300000190734863,-233.54545454545453,27.538636363636364,30
30.43888930019702,-1.7336652832567125,54,27,-27,2494,4767,11.75538444519043,1525,957.8333645944738,55,355,30.600000381469727,-247.9848484848485,27.138636363636365,10
30.314023475704403,-2.620302468682681,4,11,7,1937,3962,15.82674789428711,1565,1067.939367557551,54,326,0.0,-378.1136363636364,26.860606060606063,20
29.090518058733636,-2.8080503630636713,6,16,10,1350,3827,3.341559648513794,954,957.9582645544274,61,346,2.5799999237060547,-278.3030303030303,29.922727272727276,40
30.215208794451257,-1.2710329119351655,3,2,-1,1374,2948,7.672623634338379,1518,990.5157446746122,57,322,1.8899999856948853,-215.9318181818182,27.288636363636364,40
29.324978347888816,-1.3446947652329584,102,33,-69,3401,5385,4.141551494598389,1551,1598.4240197629076,67,1141,0.0,-328.0530303030303,26.361363636363638,10
29.063568600210033,-1.700427617744296,33,42,9,2598,5297,15.11755084991455,1552,1200.0529919253154,56,609,0.0,-464.32575757575756,24.917424242424246,10
30.20802227217831,-1.7318686526884761,36,14,-22,2198,4787,22.355581283569336,1785,1106.025218798525,55,440,11.779999732971191,-280.74242424242425,24.83409090909091,10
30.676044535204596,-1.7920557767244816,38,3,-35,2271,4621,9.689329147338867,1508,992.5911011671491,58,304,4.380000114440918,-214.43939393939394,27.188636363636363,30
30.68233274219341,-2.085804874631563,8,9,1,1093,2972,0.9280246496200562,1334,963.795924326568,59,272,3.0999999046325684,-273.030303030303,27.36818181818182,40
28.891990380943213,-2.5960479560114607,19,19,0,1263,3368,22.166475296020508,1533,1423.2316821637478,57,421,12.630000114440918,-388.52272727272725,25.26590909090909,40
30.455957290595308,-1.6842579426301398,4,24,20,1640,3891,6.417660713195801,1369,954.8509806146718,55,328,0.0,-237.5681818181818,27.587121212121215,40
30.012189540240257,-1.52974771376158,10,4,-6,1604,4575,26.218868255615234,2059,1194.8374153874095,54,499,18.40999984741211,-260.1666666666667,23.721969696969698,30
29.359114328685365,-2.623895729819168,108,85,-23,4709,8069,5.795567989349365,2493,1620.0617540833032,55,870,0.0,-264.6969696969697,19.871212121212125,10
28.918041524182684,-1.6896478343348633,1,5,4,2502,6615,18.44707489013672,2678,1437.9217974326828,55,780,0.0,-309.3030303030303,19.066666666666666,10
30.693112525602857,-1.3563728639265236,12,21,9,2200,3741,5.79215669631958,1299,1091.915055346897,54,285,0.0,-165.62121212121212,27.827272727272728,20
29.390555363629545,-1.7130040317219652,40,30,-10,3612,11744,21.0373592376709,2270,1251.1784140614961,55,780,0.0,-309.3787878787879,21.15530303030303,10
29.57470999687405,-1.4641706980208653,18,18,0,2205,5462,2.9671430587768555,2192,1453.7316813022744,61,689,0.0,-309.7878787878788,22.104545454545455,40
29.29713057408111,-2.107364441450443,15,6,-9,2631,8388,6.007186412811279,1589,1180.1917024552822,54,539,0.0,-377.6439393939394,25.061363636363637,10
30.351752717637424,-2.0202278588908484,50,20,-30,2566,5561,5.643570423126221,1425,995.9786150976179,56,331,4.230000019073486,-280.1666666666667,27.081060606060607,10
30.61675572645271,-2.788287426813042,3,9,6,1158,2758,9.253605842590332,1563,980.2707302314332,56,365,0.0,-375.2348484848485,26.474242424242426,30
29.141722029928445,-2.418181529755799,124,141,17,4270,7114,8.762246131896973,1913,1497.4116561077535,50,742,10.204999923706055,-280.49242424242425,22.692424242424245,10
29.89630686858885,-2.764032914141808,13,18,5,1495,3863,1.037819266319275,1364,1305.6561701883647,56,241,2.7899999618530273,-424.52272727272725,27.079545454545457,90
29.370792427378916,-1.234201985286262,79,45,-34,3091,5353,0.9274099469184875,1199,1326.1763158596375,55,369,0.0,-246.97727272727272,28.527272727272727,10
30.19005596649592,-2.6256923603874043,15,30,15,2224,5705,7.82513952255249,1499,1136.3382457580249,54,361,0.0,-396.8636363636364,26.288636363636364,20
30.88265705055207,-2.7864907962447916,15,67,52,2105,4767,1.390963077545166,1505,1118.4560548863535,52,410,10.8100004196167,-323.6136363636364,26.927272727272726,10
30.185564390075314,-1.307863838584069,11,10,-1,1654,3480,3.5274596214294434,1513,1035.4039294109004,56,381,0.0,-247.21969696969697,26.80454545454546,10
29.89001866160001,-2.7164222040834716,22,22,0,2362,4408,14.26973819732666,1447,1276.9514317278836,55,417,11.800000190734863,-427.4621212121212,26.962121212121215,30
28.949482559126864,-2.624794045103286,29,21,-8,2567,6930,2.702822685241699,1702,1376.2772961170836,57,395,4.070000171661377,-329.469696969697,24.522727272727273,50
29.242333341749827,-1.2377952464227349,91,188,97,3194,6476,20.301366806030273,1605,1654.7611378022384,53,696,0.0,-299.5151515151515,23.125,10
29.98973165813726,-2.49274169833771,60,43,-17,1776,4874,0.46417462825775146,1356,1164.293683382222,57,304,0.0,-390.7121212121212,27.595454545454544,10
29.8388146904052,-2.387638810095723,13,2,-11,2146,4393,9.035999298095703,1498,1145.1517547042617,54,411,6.28000020980835,-367.0984848484849,26.88484848484849,30
29.13992539936021,-2.830508245166655,35,35,0,2056,5084,7.300751209259033,1031,1140.2557819338347,59,293,5.690000057220459,-326.1287878787879,28.97954545454546,10
30.740723235661193,-2.392130386516328,36,41,5,2906,5647,9.911298751831055,1405,1069.647240927124,61,370,4.340000152587891,-310.8863636363636,26.46969696969697,20
30.007697963819652,-1.6348506020035671,13,43,30,2452,4811,19.670072555541992,2131,1246.3147205891596,51,570,23.40999984741211,-267.34090909090907,23.675,10
28.88300722810203,-1.4183566185307654,31,19,-12,2752,7054,16.768077850341797,1854,1550.737372135913,53,662,0.0,-316.6363636363636,23.255303030303033,40
30.440685930765255,-1.5746634779675617,4,3,-1,1630,3416,7.4521684646606445,1437,940.9343094843736,58,347,3.799999952316284,-226.42424242424244,27.320454545454545,30
30.294260539453774,-1.3321183512552892,16,11,-5,2270,4121,1.3913390636444092,1347,960.8053158410072,59,282,3.0999999046325684,-207.87878787878788,27.980303030303034,40
30.155021670415266,-1.6079011434799781,22,1,-21,2050,4861,6.282534599304199,1685,1175.497755125927,52,415,2.690000057220459,-278.3030303030303,25.01439393939394,40
30.78833394571953,-2.5214877874295354,4,12,8,1513,4886,17.509389877319336,1641,1091.8016117309173,55,510,2.950000047683716,-318.57575757575756,26.592424242424244,30
29.727423595174372,-1.4471027076225909,75,104,29,2829,7247,2.9305193424224854,1925,1331.9726337707516,57,588,0.0,-308.2348484848485,23.671969696969697,10
29.081534905892426,-1.979803671105472,39,8,-31,3054,5230,17.786680221557617,1681,1313.3650735650551,51,603,0.0,-355.5378787878788,24.296212121212122,20
29.500149828292137,-1.4183566185307654,160,134,-26,3415,5456,4.6517510414123535,2576,1702.78236116162,51,870,0.0,-284.40909090909093,19.796969696969697,10
29.305215411638187,-2.496334959474197,143,117,-26,4056,6303,2.3182544708251953,2380,1541.398822989402,50,880,0.0,-275.8787878787879,20.362121212121213,10
29.548658853634578,-1.723783815131398,25,16,-9,3056,6427,31.760366439819336,2216,1333.3711051973091,53,664,0.0,-308.8863636363636,22.05,40
30.59339952906558,-1.3554745486424054,50,26,-24,3544,7599,0.46373534202575684,1286,1026.159692544149,54,222,3.6500000953674316,-165.96969696969697,27.93409090909091,90
30.32210831326148,-2.19809428514651,33,7,-26,4082,6367,1.4662797451019287,1329,1003.4874180510892,58,290,2.6500000953674316,-257.5378787878788,27.662121212121214,90
29.172264749588493,-1.5360359207504217,253,124,-129,4618,9990,6.861363887786865,1905,1407.895752005533,54,672,4.599999904632568,-301.22727272727275,22.49848484848485,10
29.51182792698569,-1.0958614315318584,31,37,6,2729,4964,15.865975379943848,1301,1378.1827903996136,58,472,15.300000190734863,-292.97727272727275,27.811363636363637,10
30.87996210469973,-2.6535401341951115,7,10,3,1300,2716,11.151280403137207,1593,1119.4840276140096,56,400,8.3100004196167,-313.9469696969697,26.523484848484852,30
29.14351866049668,-2.4792669690759226,8,7,-1,2410,5059,1.0370475053787231,1950,1610.4165290252051,53,529,0.0,-269.8181818181818,22.76590909090909,30
30.778452477594215,-2.3544011445833064,25,50,25,2553,5516,3.3724334239959717,1366,1058.4906536314038,57,256,0.0,-286.4469696969697,27.14469696969697,10
30.651790022533362,-1.3006773163111092,26,20,-6,2223,5195,1.6718817949295044,1287,1034.9233301212926,55,245,5.199999809265137,-147.8939393939394,27.98939393939394,10
29.31779182561587,-1.5620870639898925,1,1,0,1433,3806,1.3914802074432373,1970,1307.3125097792256,55,467,2.9000000953674316,-323.75757575757575,23.1219696969697,30
30.09573286166338,-2.7667278599941625,101,31,-70,3275,7120,2.7802884578704834,1531,1171.665303599428,51,398,0.0,-437.8939393939394,26.3030303030303,20
29.18304453299794,-1.2782194342081254,222,200,-22,3813,5880,12.620268821716309,1772,1651.8955385011875,55,786,0.0,-297.17424242424244,22.897727272727273,10
29.874747301769958,-2.7119306276628805,30,26,-4,2090,4796,5.5666961669921875,1598,1276.9514317278836,54,411,0.0,-421.95454545454544,26.457575757575757,10
29.797492187335678,-2.241213418784241,1,1,0,2079,4436,5.589216709136963,1642,1063.7273897623475,54,372,3.359999895095825,-325.1060606060606,26.657575757575756,40
29.80647534017689,-1.940277798604214,19,18,-1,2507,7386,13.337346076965332,1723,1094.9492288572021,53,405,8.739999771118164,-279.68939393939394,26.157575757575756,40
30.578128169235555,-1.5459173888757363,14,22,8,1930,4094,2.967186212539673,1321,1062.4939018250866,57,281,0.0,-202.63636363636363,27.66818181818182,30
30.065190142003303,-2.368774189129212,4,12,8,1871,4049,4.629889965057373,1397,1010.3837963861799,56,272,2.5799999237060547,-355.5378787878788,27.671212121212122,40
29.26568953913693,-2.1298223235534266,23,8,-15,2762,5698,11.015300750732422,1646,1180.1917024552822,53,591,17.860001,-393.17424242424244,25.18106060606061,50
28.91714320889855,-1.105742899657173,278,55,-223,3595,6356,17.186725616455078,2053,1632.0957793986256,51,843,0.0,-283.8484848484849,22.60606060606061,20
30.555670287132557,-2.4666905550982534,4,13,9,1250,2832,10.309874534606934,1478,1083.8471037788188,56,370,0.0,-324.3863636363636,27.080303030303032,30
29.681609515684272,-2.1909077628735503,1,1,0,1918,5955,16.015655517578125,1599,1154.6094477564436,53,385,0.0,-291.280303030303,25.7969696969697,10
28.918041524182684,-2.081313298210972,50,36,-14,3412,8079,3.5292794704437256,1611,1501.5768143331463,52,550,7.119999885559082,-350.02272727272725,23.47348484848485,20
29.74988147727737,-2.1406021069628594,37,3,-34,2534,7243,7.028852462768555,1796,1164.0238891515698,52,426,15.789999961853027,-285.90909090909093,25.017424242424244,40
29.35462275226476,-2.143297052815214,84,36,-48,2797,6306,18.386987686157227,1811,1230.6595100299878,55,584,3.930000066757202,-315.59090909090907,23.825757575757578,20
29.621422391648252,-2.837694767439615,34,7,-27,3022,5833,5.005298614501953,1819,1394.4353466396933,51,395,0.0,-345.6439393939394,25.03636363636364,30
29.96727377603429,-2.605031108852657,89,73,-16,3126,6127,9.769353866577148,1461,1250.0140117741275,55,344,0.0,-393.32575757575756,26.946969696969703,20
